{"cameraMode":{"drawMode":0,"name":"Shaded","section":"Shading Mode"},"sceneLighting":false,"audioPlay":false,"sceneViewState":{"showFog":true,"showMaterialUpdate":false,"showSkybox":false,"showFlares":true,"showImageEffects":true,"showParticleSystems":true},"in2DMode":false,"pivot":{"x":0.3226473331451416,"y":-6.329999923706055,"z":-0.21367444097995759},"rotation":{"x":0.14803937077522279,"y":0.08178825676441193,"z":-0.012286491692066193,"w":0.985519289970398},"size":2.8578836917877199,"orthographic":false}